Model,Corr,Rseq,RMSE,Accuracy,Topsis Score,Rank
M1,0.79,0.62,1.25,60.89,0.5711714927274812,3
M2,0.66,0.44,2.89,63.07,0.3349025262255127,4
M3,0.56,0.31,1.57,62.87,0.6641793335691868,1
M4,0.82,0.67,2.68,70.19,0.28965138081723363,5
M5,0.75,0.56,1.3,80.39,0.6505785856023057,2
